,epoch,batch,train_epoch_loss_avg_over_batch,train_acc,train_acc_clean_only,train_asr_bd_only,train_ra_bd_only,clean_test_loss_avg_over_batch,bd_test_loss_avg_over_batch,test_acc,test_asr,test_ra
last,99,390,0.03538360295053094,0.9889022435897435,0.998397542899112,0.9033874523952696,0.19182200841852073,0.4411826394969904,0.27890731000774344,0.9141,0.9447777777777778,0.05355555555555556
valid_max,99,390,1.588747452161251,0.9899038461538462,0.9988203085004563,0.9136964357228674,0.5777866880513232,1.2615030234373068,1.90875158511417,0.9199,0.9711111111111111,0.5354444444444444
exist_nan_value,False,False,False,False,False,False,False,False,False,False,False,False
